Workbook

Sheet بيانات الموظفين
A1: بيانات الموظفين
A3: رقم الموظف | B3: الاسم | C3: الرمز الوظيفي | D3: الراتب الأساسي | E3: البدلات | F3: تاريخ التعيين | G3: وقت الحضور
A4: EMP1001 | B4: محمد أحمد | C4: SAL-HR-01 | D4: 9500 | E4: 1800 | F4: 42443.323 | G4: 42443.323
A5: EMP1002 | B5: نورة سعد | C5: SAL-IT-02 | D5: 12400 | E5: 2300 | F5: 43345.337 | G5: 43345.337
A6: EMP1003 | B6: خالد فهد | C6: SAL-FN-03 | D6: 7800 | E6: 1200 | F6: 43850.312 | G6: 43850.312
A7: EMP1004 | B7: ريم ماجد | C7: SAL-IT-04 | D7: 15200 | E7: 2900 | F7: 41798.347 | G7: 41798.347
A8: EMP1005 | B8: سلطان ناصر | C8: SAL-HR-05 | D8: 6900 | E8: 950 | F8: 44511.33 | G8: 44511.33
A9: EMP1006 | B9: هند عمر | C9: SAL-FN-06 | D9: 10800 | E9: 2100 | F9: 42855.344 | G9: 42855.344
A10: EMP1007 | B10: فيصل تركي | C10: SAL-IT-07 | D10: 13600 | E10: 2600 | F10: 43695.319 | G10: 43695.319
A11: EMP1008 | B11: لطيفة صالح | C11: SAL-HR-08 | D11: 8300 | E11: 1400 | F11: 44598.354 | G11: 44598.354
A12: EMP1009 | B12: عبدالرحمن يوسف | C12: SAL-FN-09 | D12: 11500 | E12: 2200 | F12: 42302.326 | G12: 42302.326
A13: EMP1010 | B13: منيرة حسن | C13: SAL-IT-10 | D13: 14100 | E13: 2750 | F13: 45049.333 | G13: 45049.333
A15: =COUNT(A4:A13) -> 0 | C15: =LEFT(C4, 3) -> SAL | D15: =RIGHT(C4, 2) -> 01 | F15: =YEAR(F4) -> 2016 | G15: =HOUR(G4) -> 7
F16: =MONTH(F4) -> 3
F17: =DAY(F4) -> 14
D19: =SUM(D4:D13) -> 110100 | E19: =AVERAGE(E4:E13) -> 2020
D20: =AVERAGE(D4:D13) -> 11010

Sheet المطلوب
A1: المطلوب
A2: أكمل الخلايا الصفراء باستخدام الدوال المطلوبة.
A4: ١) دوال النصوص: LEFT و RIGHT
A5: الرمز الوظيفي | B5: أول 3 أحرف =LEFT() | C5: آخر 2 رقم =RIGHT()
A6: ='بيانات الموظفين'!C4 -> SAL-HR-01
A7: ='بيانات الموظفين'!C5 -> SAL-IT-02
A8: ='بيانات الموظفين'!C6 -> SAL-FN-03
A9: ='بيانات الموظفين'!C7 -> SAL-IT-04
A10: ='بيانات الموظفين'!C8 -> SAL-HR-05
A11: ='بيانات الموظفين'!C9 -> SAL-FN-06
A12: ='بيانات الموظفين'!C10 -> SAL-IT-07
A13: ='بيانات الموظفين'!C11 -> SAL-HR-08
A14: ='بيانات الموظفين'!C12 -> SAL-FN-09
A15: ='بيانات الموظفين'!C13 -> SAL-IT-10
A18: ٢) الدوال الحسابية والإحصائية: SUM و AVERAGE و COUNT
A19: إجمالي الرواتب الأساسية
A20: متوسط الرواتب الأساسية
A21: عدد الموظفين
A22: إجمالي البدلات
A23: متوسط البدلات
A25: ٣) دوال التاريخ والوقت: DAY و MONTH و YEAR و HOUR
A26: تاريخ التعيين | B26: اليوم =DAY() | C26: الشهر =MONTH() | D26: السنة =YEAR() | E26: الساعة =HOUR()
A27: ='بيانات الموظفين'!F4 -> 42443.323
A28: ='بيانات الموظفين'!F5 -> 43345.337
A29: ='بيانات الموظفين'!F6 -> 43850.312
A30: ='بيانات الموظفين'!F7 -> 41798.347
A31: ='بيانات الموظفين'!F8 -> 44511.33
A32: ='بيانات الموظفين'!F9 -> 42855.344
A33: ='بيانات الموظفين'!F10 -> 43695.319
A34: ='بيانات الموظفين'!F11 -> 44598.354
A35: ='بيانات الموظفين'!F12 -> 42302.326
A36: ='بيانات الموظفين'!F13 -> 45049.333
