Workbook

Sheet التعليمات
A1: نشاط الوحدة الرابعة: التكامل مع الذكاء الاصطناعي وأتمتة التحليل
A2: استخدمي Claude for Excel أو Copilot لتنفيذ المهام التالية على بيانات هذا الملف
A4: ١. افتحي ورقة "بيانات خام"، واطلبي من Claude تلخيص أداء المبيعات الإجمالي بأمر نصي واضح. | B4: إجمالي المبيعات الكلي بعد تنظيف البيانات هو 59,090 ريال، وأعلى منتج مبيعاً هو لابتوب 15 بوصة.
A5: ٢. استخدمي الأمر /clean-up لتنظيف بيانات ورقة "بيانات خام" (تنسيق التواريخ، إزالة التكرار، توحيد أسماء المنتجات).
A6: ٣. افحصي ورقة "الملخص": تحتوي الخلية C4 على خطأ إشارة (Reference Error) مقصود. استخدمي الأمر /debug لتشخيصه وإصلاحه.
A7: ٤. اطلبي من النموذج إنشاء جدول محوري ورسم بياني يوضح المبيعات حسب المنتج والشهر من ورقة "بيانات خام".
A8: ٥. اطلبي تقريراً تنفيذياً موجزاً بأهم ٣ رؤى مستخرجة من البيانات، وراجعي النتائج يدوياً قبل اعتمادها.
A10: ملاحظة: خطأ الإشارة في ورقة "الملخص" (الخلية C4) مقصود لغرض تدريبي (تمرين رقم ٣)، وليس خللاً في الملف.

Sheet Sheet1
A2: المندوب | B2: (All)
A3: الفئة | B3: (All)
A4: الكمية | B4: (All)
A6: Row Labels | B6: Sum of سعر الوحدة | C6: Sum of الإجمالي
A7: 2025-01-12 | B7: 2800 | C7: 14000
A8: لابتوب 15 بوصة | B8: 2800 | C8: 14000
A9: 2025-01-15 | B9: 12 | C9: 720
A10: دفتر ملاحظات | B10: 12 | C10: 720
A11: 2025-01-18 | B11: 550 | C11: 8250
A12: شاشة 24 بوصة | B12: 550 | C12: 8250
A13: 2025-02-02 | B13: 3 | C13: 600
A14: قلم حبر | B14: 3 | C14: 600
A15: 2025-02-05 | B15: 2800 | C15: 22400
A16: لابتوب 15 بوصة | B16: 2800 | C16: 22400
A17: 2025-02-10 | B17: 450 | C17: 2700
A18: طابعة ليزر | B18: 450 | C18: 2700
... A22: دفتر ملاحظات | B22: 12 | C22: 900
A23: 45662 | B23: 24 | C23: 960
A24: دفتر ملاحظات | B24: 12 | C24: 480
A25: دفتر ملاحظات | B25: 12 | C25: 480
A26: 45665 | B26: 453 | C26: 630
A27: طابعة ليزر | B27: 450 | C27: 270
A28: قلم حبر | B28: 3 | C28: 360
A29: Grand Total | B29: 7654 | C29: 56660

Sheet بيانات خام
A1: التاريخ | B1: المنتج | C1: الفئة | D1: الكمية | E1: سعر الوحدة | F1: الإجمالي | G1: المندوب
A2: 45662 | B2: دفتر ملاحظات | C2: قرطاسية | D2: 40 | E2: 12 | F2: =D2*E2 -> 480 | G2: سارة
A3: 45662 | B3: دفتر ملاحظات | C3: قرطاسية | D3: 40 | E3: 12 | F3: =D3*E3 -> 480 | G3: سارة
A4: 45665 | B4: قلم حبر | C4: قرطاسية | D4: 120 | E4: 3 | F4: =D4*E4 -> 360 | G4: خالد
A5: 45665 | B5: طابعة ليزر | C5: أجهزة مكتبية | D5: 270 | E5: 450 | F5: 270 | G5: منى
A6: 2025-01-12 | B6: لابتوب 15 بوصة | C6: أجهزة مكتبية | D6: 5 | E6: 2800 | F6: =D6*E6 -> 14000 | G6: خالد
A7: 2025-01-15 | B7: دفتر ملاحظات | C7: قرطاسية | D7: 60 | E7: 12 | F7: =D7*E7 -> 720 | G7: منى
A8: 2025-01-18 | B8: شاشة 24 بوصة | C8: أجهزة مكتبية | D8: 15 | E8: 550 | F8: =D8*E8 -> 8250 | G8: سارة
A9: 2025-02-02 | B9: قلم حبر | C9: قرطاسية | D9: 200 | E9: 3 | F9: =D9*E9 -> 600 | G9: خالد
A10: 2025-02-05 | B10: لابتوب 15 بوصة | C10: أجهزة مكتبية | D10: 8 | E10: 2800 | F10: =D10*E10 -> 22400 | G10: منى
A11: 2025-02-10 | B11: طابعة ليزر | C11: أجهزة مكتبية | D11: 6 | E11: 450 | F11: =D11*E11 -> 2700 | G11: سارة
A12: 2025-02-14 | B12: شاشة 24 بوصة | C12: أجهزة مكتبية | D12: 10 | E12: 550 | F12: =D12*E12 -> 5500 | G12: خالد
A13: 2025-02-20 | B13: دفتر ملاحظات | C13: قرطاسية | D13: 75 | E13: 12 | F13: =D13*E13 -> 900 | G13: منى
A15: ملاحظة: البيانات أعلاه تحتوي على تنسيقات تواريخ غير موحّدة، صف مكرر، وقيمة كمية مفقودة — عن قصد لتمرين التنظيف (/clean-up).

Sheet الملخص
A1: المنتج | B1: إجمالي الكمية | C1: إجمالي المبيعات
A2: دفتر ملاحظات | B2: =SUMIF('بيانات خام'!B:B,A2,'بيانات خام'!D:D) -> 175 | C2: =SUMIF('بيانات خام'!B:B,A2,'بيانات خام'!F:F) -> 2100
A3: قلم حبر | B3: =SUMIF('بيانات خام'!B:B,A3,'بيانات خام'!D:D) -> 320 | C3: =SUMIF('بيانات خام'!B:B,A3,'بيانات خام'!F:F) -> 960
A4: طابعة ليزر | B4: =SUMIF('بيانات خام'!B:B,A4,'بيانات خام'!D:D) -> 276 | C4: =SUMIF('بيانات خام'!B:B,A4,'بيانات خام'!#REF!) -> #REF!
A5: لابتوب 15 بوصة | B5: =SUMIF('بيانات خام'!B:B,A5,'بيانات خام'!D:D) -> 13 | C5: =SUMIF('بيانات خام'!B:B,A5,'بيانات خام'!F:F) -> 36400
A6: شاشة 24 بوصة | B6: =SUMIF('بيانات خام'!B:B,A6,'بيانات خام'!D:D) -> 25 | C6: =SUMIF('بيانات خام'!B:B,A6,'بيانات خام'!F:F) -> 13750
